﻿<?xml version="1.0" encoding="utf-8" ?> 
<Content>
  <ContentForAuthor>
      <Author>
        <FirstName>Bill</FirstName>
        <LastName>Doors</LastName>
      </Author>
      <Articles>
        <Headline>.NET is the best</Headline>
        <Story>According to my research. The .NET product has no competition. Though, I am a little biased.</Story>
        <Headline>SQL Server will be #1</Headline>
        <Story>This database has no real competition. But then again... I am a little biased.</Story>
      </Articles>
  </ContentForAuthor>
  <ContentForAuthor>
      <Author>
        <FirstName>Larry</FirstName>
        <LastName>Ellidaughter</LastName>
      </Author>
      <Articles>
        <Headline>Oracle is #1</Headline>
        <Story>Research suggests that it is the best database on the market. Not that I have any biases in that conclusion.</Story>
      </Articles>
  </ContentForAuthor>
  <ContentForAuthor>
      <Author>
        <FirstName>Stephen</FirstName>
        <LastName>Fraser</LastName>
      </Author>
      <Articles>
        <Headline>Content Management is expensive</Headline>
        <Story>Not any more... It now costs the price of a book and a little work.</Story>
      </Articles>
  </ContentForAuthor>
</Content>
