﻿<?xml version="1.0" encoding="utf-8" ?> 
<MainMenu>
  <Menu>
    <MenuName>Users</MenuName>
    <MenuItem>
      <Name>User Summary</Name>
      <Link>Users.aspx</Link>
    </MenuItem>
    <MenuItem>
      <Name>Create User</Name>
      <Link>CreateUser.aspx</Link>
    </MenuItem>
    <MenuItem>
      <Name>Edit User</Name>
      <Link>EditUser.aspx</Link>
    </MenuItem>
    <MenuItem>
      <Name>Remove User</Name>
      <Link>RemoveUser.aspx</Link>
    </MenuItem>
  </Menu>
  <Menu>
    <MenuName>Groups</MenuName>
    <MenuItem>
      <Name>Group Summary</Name>
      <Link>Groups.aspx</Link>
    </MenuItem>
    <MenuItem>
      <Name>Create Group</Name>
      <Link>CreateGroup.aspx</Link>
    </MenuItem>
    <MenuItem>
      <Name>Edit Group</Name>
      <Link>EditGroup.aspx</Link>
    </MenuItem>
    <MenuItem>
      <Name>Group Members</Name>
      <Link>MemberGroup.aspx</Link>
    </MenuItem>
    <MenuItem>
      <Name>Remove Group</Name>
      <Link>RemoveGroup.aspx</Link>
    </MenuItem>
  </Menu>
  <Menu>
  <MenuName>Test Items</MenuName>
    <MenuItem>
      <Name>Read XML</Name>
      <Link>ReadXML.aspx</Link>
    </MenuItem>
    <MenuItem>
      <Name>Write XML</Name>
      <Link>WriteXML.aspx</Link>
    </MenuItem>
    <MenuItem>
      <Name>Update XML</Name>
      <Link>UpdateXML.aspx</Link>
    </MenuItem>
  </Menu>
</MainMenu>