<?xml version="1.0" encoding="utf-8" ?>
<MainMenu>
  <Menu>
    <authorization>Administrator</authorization>
    <MenuName>Account Admin</MenuName>
    <MenuItem>
      <Name>List Accounts</Name>
      <Link>AdmAcnt/AdmAcntList.aspx</Link>
    </MenuItem>
    <MenuItem>
      <Name>Create Account</Name>
      <Link>AdmAcnt/AdmAcntCreate.aspx</Link>
    </MenuItem>
  </Menu>
  <Menu>
    <authorization>Administrator,Author</authorization>
    <MenuName>Author</MenuName>
    <MenuItem>
      <Name>List Content</Name>
      <Link>Aut/AutList.aspx</Link>
    </MenuItem>
    <MenuItem>
      <Name>Create Content</Name>
      <Link>Aut/AutCreate.aspx</Link>
    </MenuItem>
  </Menu>
  <Menu>
    <MenuName>All</MenuName>
    <MenuItem>
      <Name>Welcome</Name>
      <Link>Welcome.html</Link>
    </MenuItem>
  </Menu>
</MainMenu>
